model,minute,decode_tps
Qwen3.8-27B IQ3_S + MTP,0.28,74.1
Qwen3.8-27B IQ3_S + MTP,0.37,77.3
Qwen3.8-27B IQ3_S + MTP,0.41,85.0
Qwen3.8-27B IQ3_S + MTP,0.61,80.6
Qwen3.8-27B IQ3_S + MTP,0.65,106.0
Qwen3.8-27B IQ3_S + MTP,0.75,99.4
Qwen3.8-27B IQ3_S + MTP,0.83,90.0
Qwen3.8-27B IQ3_S + MTP,0.91,103.5
Qwen3.8-27B IQ3_S + MTP,1.0,92.2
Qwen3.8-27B IQ3_S + MTP,1.38,143.8
Qwen3.8-27B IQ3_S + MTP,1.5,100.9
Qwen3.8-27B IQ3_S + MTP,2.21,149.8
Qwen3.8-27B IQ3_S + MTP,2.9,128.8
Qwen3.8-27B IQ3_S + MTP,3.18,147.5
Qwen3.8-27B IQ3_S + MTP,3.23,154.1
Qwen3.8-27B IQ3_S + MTP,3.43,115.5
Qwen3.8-27B IQ3_S + MTP,3.47,126.1
Qwen3.8-27B IQ3_S + MTP,3.5,178.6
Qwen3.8-27B IQ3_S + MTP,3.61,88.2
Qwen3.8-27B IQ3_S + MTP,3.73,119.3
Qwen3.8-27B IQ3_S + MTP,3.89,99.1
Qwen3.8-27B IQ3_S + MTP,4.06,136.6
Qwen3.8-27B IQ3_S + MTP,4.1,140.8
Qwen3.8-27B IQ3_S + MTP,4.43,132.7
Qwen3.8-27B IQ3_S + MTP,4.51,159.8
Qwen3.8-27B IQ3_S + MTP,4.55,161.5
Qwen3.8-27B IQ3_S + MTP,4.58,135.9
Qwen3.8-27B IQ3_S + MTP,4.63,132.6
Qwen3.8-27B IQ3_S + MTP,4.68,151.3
Qwen3.8-27B IQ3_S + MTP,4.82,156.5
Qwen3.8-27B IQ3_S + MTP,4.88,147.0
Qwen3.8-27B IQ3_S + MTP,4.92,162.8
Qwen3.8-27B IQ3_S + MTP,4.94,157.6
Qwen3.8-27B IQ3_S + MTP,5.09,128.5
Qwen3.8-27B IQ3_S + MTP,5.31,155.3
Qwen3.8-27B IQ3_S + MTP,5.42,166.2
Qwen3.8-27B IQ3_S + MTP,5.45,161.0
Qwen3.8-27B IQ3_S + MTP,5.48,176.5
Qwen3.8-27B IQ3_S + MTP,5.57,151.4
Qwen3.8-27B IQ3_S + MTP,5.59,179.0
Qwen3.8-27B IQ3_S + MTP,5.62,154.7
Qwen3.8-27B IQ3_S + MTP,5.71,180.4
Qwen3.8-27B IQ3_S + MTP,5.85,128.1
Qwen3.8-27B IQ3_S + MTP,7.02,164.7
Qwen3.8-27B IQ3_S + MTP,7.38,152.3
Qwen3.8-27B IQ3_S + MTP,7.47,132.2
Qwen3.8-27B IQ3_S + MTP,7.51,158.2
Qwen3.8-27B IQ3_S + MTP,7.59,165.4
Qwen3.8-27B IQ3_S + MTP,7.64,151.7
Qwen3.8-27B IQ3_S + MTP,7.78,122.8
Qwen3.8-27B IQ3_S + MTP,7.82,134.3
Qwen3.8-27B IQ3_S + MTP,7.9,173.4
Qwen3.8-27B IQ3_S + MTP,7.98,122.6
Qwen3.8-27B IQ3_S + MTP,8.08,138.8
Qwen3.8-27B IQ3_S + MTP,8.14,134.4
Qwen3.8-27B IQ3_S + MTP,8.2,158.1
Qwen3.8-27B IQ3_S + MTP,8.3,159.7
Qwen3.8-27B IQ3_S + MTP,8.34,189.3
Qwen3.8-27B IQ3_S + MTP,8.38,171.2
Qwen3.8-27B IQ3_S + MTP,8.45,143.0
Qwen3.8-27B IQ3_S + MTP,8.53,177.6
Qwen3.8-27B IQ3_S + MTP,8.67,176.0
Qwen3.8-27B IQ3_S + MTP,8.77,156.9
Qwen3.8-27B IQ3_S + MTP,8.83,140.0
Qwen3.8-27B IQ3_S + MTP,9.01,142.5
Qwen3.8-27B IQ3_S + MTP,9.07,164.2
Qwen3.8-27B IQ3_S + MTP,9.18,181.1
Qwen3.8-27B IQ3_S + MTP,9.35,160.3
Qwen3.8-27B IQ3_S + MTP,9.41,149.7
Qwen3.8-27B IQ3_S + MTP,9.43,156.1
Qwen3.8-27B IQ3_S + MTP,9.5,146.8
Qwen3.8-27B IQ3_S + MTP,9.54,147.3
Qwen3.8-27B IQ3_S + MTP,9.59,136.2
Qwen3.8-27B IQ3_S + MTP,9.67,139.8
Qwen3.8-27B IQ3_S + MTP,9.77,137.9
Qwen3.8-27B IQ3_S + MTP,9.88,178.1
Qwen3.8-27B IQ3_S + MTP,9.94,181.9
Qwen3.8-27B IQ3_S + MTP,9.99,166.8
Qwen3.8-27B IQ3_S + MTP,10.08,140.8
Qwen3.8-27B IQ3_S + MTP,10.11,155.2
Qwen3.8-27B IQ3_S + MTP,10.17,168.0
Qwen3.8-27B IQ3_S + MTP,10.24,163.5
Qwen3.8-27B IQ3_S + MTP,10.27,154.9
Qwen3.8-27B IQ3_S + MTP,10.32,166.4
Qwen3.8-27B IQ3_S + MTP,10.51,153.4
Qwen3.8-27B IQ3_S + MTP,10.62,120.7
Qwen3.8-27B IQ3_S + MTP,10.67,166.8
Qwen3.8-27B IQ3_S + MTP,10.7,181.0
Qwen3.8-27B IQ3_S + MTP,10.77,159.9
Qwen3.8-27B IQ3_S + MTP,10.81,144.4
Qwen3.8-27B IQ3_S + MTP,11.22,147.6
Qwen3.8-27B IQ3_S + MTP,11.35,139.6
Qwen3.8-27B IQ3_S + MTP,11.39,167.7
Qwen3.8-27B IQ3_S + MTP,11.47,171.7
Qwen3.8-27B IQ3_S + MTP,11.52,155.2
Qwen3.8-27B IQ3_S + MTP,11.57,155.2
Qwen3.8-27B IQ3_S + MTP,11.71,149.7
Qwen3.8-27B IQ3_S + MTP,11.77,145.8
Qwen3.8-27B IQ3_S + MTP,11.81,165.0
Qwen3.8-27B IQ3_S + MTP,12.3,117.2
Qwen3.8-27B IQ3_S + MTP,12.54,118.0
Qwen3.8-27B IQ3_S + MTP,12.94,108.2
Qwen3.8-27B IQ3_S + MTP,12.98,136.3
Qwen3.8-27B IQ3_S + MTP,13.12,125.3
Qwen3.8-27B IQ3_S + MTP,13.17,138.7
Qwen3.8-27B IQ3_S + MTP,13.19,144.7
Qwen3.8-27B IQ3_S + MTP,13.23,150.3
Qwen3.8-27B IQ3_S + MTP,13.28,153.4
Qwen3.8-27B IQ3_S + MTP,13.32,166.0
Qwen3.8-27B IQ3_S + MTP,13.56,144.7
Qwen3.8-27B IQ3_S + MTP,13.61,171.3
Qwen3.8-27B IQ3_S + MTP,13.73,159.9
Qwen3.8-27B IQ3_S + MTP,13.78,161.1
Qwen3.8-27B IQ3_S + MTP,13.8,182.8
Qwen3.8-27B IQ3_S + MTP,13.84,147.9
Qwen3.8-27B IQ3_S + MTP,13.91,173.4
Qwen3.8-27B IQ3_S + MTP,14.2,155.1
Qwen3.8-27B IQ3_S + MTP,14.27,157.5
Qwen3.8-27B IQ3_S + MTP,14.3,168.8
Qwen3.8-27B IQ3_S + MTP,14.36,146.2
Qwen3.8-27B IQ3_S + MTP,14.43,139.0
Qwen3.8-27B IQ3_S + MTP,14.5,145.4
Qwen3.8-27B IQ3_S + MTP,14.54,158.9
Qwen3.8-27B IQ3_S + MTP,14.68,162.2
Qwen3.8-27B IQ3_S + MTP,14.73,175.0
Qwen3.8-27B IQ3_S + MTP,14.78,149.2
Qwen3.8-27B IQ3_S + MTP,14.81,162.0
Qwen3.8-27B IQ3_S + MTP,14.87,165.9
Ornith-1.5-35B-A3B,0.86,25.5
Ornith-1.5-35B-A3B,1.59,28.6
Ornith-1.5-35B-A3B,1.72,70.7
Ornith-1.5-35B-A3B,2.26,24.6
Ornith-1.5-35B-A3B,2.93,26.6
Ornith-1.5-35B-A3B,3.53,26.6
Ornith-1.5-35B-A3B,3.87,61.9
Ornith-1.5-35B-A3B,4.06,98.8
Ornith-1.5-35B-A3B,4.11,100.0
Ornith-1.5-35B-A3B,4.17,99.7
Ornith-1.5-35B-A3B,4.28,100.0
Ornith-1.5-35B-A3B,5.13,99.9
Ornith-1.5-35B-A3B,5.19,97.8
Ornith-1.5-35B-A3B,5.24,99.2
Ornith-1.5-35B-A3B,5.37,98.2
Ornith-1.5-35B-A3B,5.44,99.6
Ornith-1.5-35B-A3B,5.48,104.0
Ornith-1.5-35B-A3B,5.93,88.6
Ornith-1.5-35B-A3B,6.55,79.8
Ornith-1.5-35B-A3B,7.74,71.2
Ornith-1.5-35B-A3B,7.88,102.3
Ornith-1.5-35B-A3B,8.03,99.5
Ornith-1.5-35B-A3B,11.16,94.4
Ornith-1.5-35B-A3B,11.32,98.5
Ornith-1.5-35B-A3B,11.46,100.9
Ornith-1.5-35B-A3B,11.66,102.8
Ornith-1.5-35B-A3B,11.95,98.7
Ornith-1.5-35B-A3B,12.16,99.1
Ornith-1.5-35B-A3B,12.38,99.0
Ornith-1.5-35B-A3B,16.91,54.4
Ornith-1.5-35B-A3B,16.97,97.9
Ornith-1.5-35B-A3B,17.1,98.7
Ornith-1.5-35B-A3B,18.28,97.3
Ornith-1.5-35B-A3B,18.35,97.5
Ornith-1.5-35B-A3B,18.48,100.8
Ornith-1.5-35B-A3B,18.58,107.5
Ornith-1.5-35B-A3B,18.67,98.5
Ornith-1.5-35B-A3B,18.84,97.0
Ornith-1.5-35B-A3B,18.93,99.4
Ornith-1.5-35B-A3B,20.7,96.4
Ornith-1.5-35B-A3B,20.89,99.5
Ornith-1.5-35B-A3B,21.11,99.4
Ornith-1.5-35B-A3B,21.25,99.9
Ornith-1.5-35B-A3B,21.35,97.8
Ornith-1.5-35B-A3B,21.5,100.0
Ornith-1.5-35B-A3B,21.74,60.3
Ornith-1.5-35B-A3B,21.79,95.7
Ornith-1.5-35B-A3B,21.88,102.1
Ornith-1.5-35B-A3B,22.04,99.4
Ornith-1.5-35B-A3B,22.21,100.1
Ornith-1.5-35B-A3B,22.3,100.6
Ornith-1.5-35B-A3B,22.45,60.3
Ornith-1.5-35B-A3B,22.72,29.9
Ornith-1.5-35B-A3B,22.83,50.6
Ornith-1.5-35B-A3B,22.89,95.5
Ornith-1.5-35B-A3B,22.98,99.9
Ornith-1.5-35B-A3B,23.07,100.1
Ornith-1.5-35B-A3B,23.24,101.2
Ornith-1.5-35B-A3B,23.34,98.7
Ornith-1.5-35B-A3B,24.02,38.0
Ornith-1.5-35B-A3B,24.49,26.1
Ornith-1.5-35B-A3B,24.81,28.7
Ornith-1.5-35B-A3B,25.1,45.3
Ornith-1.5-35B-A3B,25.5,30.6
Ornith-1.5-35B-A3B,26.94,35.7
Ornith-1.5-35B-A3B,26.99,97.5
Ornith-1.5-35B-A3B,27.15,24.2
Ornith-1.5-35B-A3B,27.47,23.1
Ornith-1.5-35B-A3B,27.72,28.3
Ornith-1.5-35B-A3B,28.01,25.7
